{
    "uid": "7DFF7C7F466EE742A84AA652436204DC98B3",
    "lastModificationTime": null,
    "items": {
        "type": "vn.scene",
        "name": "Choice Box Showcase (Auto)",
        "parentId": "8270F8987ABA7143A0798DA1971ABC8657DA",
        "localizableStrings": {
            "4B1EF5321DACC246557B80E57E5AD3F2D69F": {
                "t": "Test 1"
            },
            "CEE2700E11A7A84E427AAC3361D78E5071E0": {
                "t": "Test 2"
            },
            "DC6735013D7C83448E294D778327CDCAB1DD": {
                "t": "You clicked Test 1.",
                "d": {
                    "cid": 0,
                    "eid": "AAA37D4798B3B04D145AC407CF09C254FD8E"
                }
            },
            "172DAEDC9F7C6644837A1830AD18D25CC009": {
                "t": "You clicked Test 2.",
                "d": {
                    "cid": 0,
                    "eid": "3CCE30303F1780497F8A67A2A7187EA08AD3"
                }
            }
        },
        "chapterUid": "8270F8987ABA7143A0798DA1971ABC8657DA",
        "commands": [
            {
                "id": "vn.Choice",
                "params": {
                    "action": {
                        "type": 0,
                        "bindValue": 0,
                        "bindValueVariable": {
                            "scope": 0,
                            "index": 0
                        },
                        "commonEventId": 0,
                        "label": "1",
                        "switch": {
                            "scope": 1,
                            "index": 0
                        },
                        "scene": null
                    },
                    "text": {
                        "lcId": "4B1EF5321DACC246557B80E57E5AD3F2D69F",
                        "defaultText": "Test 1"
                    },
                    "label": "",
                    "enabled": 1,
                    "positionType": 0,
                    "box": {
                        "x": 0,
                        "y": 0,
                        "angle": 0,
                        "zoom": 1,
                        "data": {},
                        "color": {
                            "red": 0,
                            "green": 0,
                            "blue": 0,
                            "alpha": 160
                        },
                        "size": {
                            "width": 300,
                            "height": 50
                        }
                    },
                    "defaultChoice": 0,
                    "previewBackground": {
                        "name": "$live_preview_snapshot"
                    }
                },
                "indent": 0,
                "uid": "2703B6D238BBB6465F79E4471B509E7EB2AD"
            },
            {
                "id": "vn.Choice",
                "params": {
                    "action": {
                        "type": 0,
                        "bindValue": 0,
                        "bindValueVariable": {
                            "scope": 0,
                            "index": 0
                        },
                        "commonEventId": 0,
                        "label": "2",
                        "switch": {
                            "scope": 1,
                            "index": 0
                        },
                        "scene": null
                    },
                    "text": {
                        "lcId": "CEE2700E11A7A84E427AAC3361D78E5071E0",
                        "defaultText": "Test 2"
                    },
                    "label": "",
                    "enabled": 1,
                    "positionType": 0,
                    "box": {
                        "x": 130,
                        "y": 156,
                        "angle": 0,
                        "zoom": 1,
                        "data": {},
                        "color": {
                            "red": 0,
                            "green": 0,
                            "blue": 0,
                            "alpha": 160
                        },
                        "size": {
                            "width": 300,
                            "height": 50
                        }
                    },
                    "defaultChoice": 0,
                    "previewBackground": {
                        "name": "$live_preview_snapshot"
                    }
                },
                "indent": 0,
                "uid": "1BA547266C18E14C831BDE0745F0994DF332"
            },
            {
                "id": "vn.ShowChoices",
                "params": {},
                "indent": 0,
                "uid": "7FF708923F83F2478E3B3DD85445953036FF"
            },
            {
                "id": "gs.Label",
                "params": {
                    "name": "1"
                },
                "indent": 0,
                "uid": "6BDDA0EF7FD22343E11BF905AA909596C7EB"
            },
            {
                "id": "gs.ShowMessage",
                "params": {
                    "waitForCompletion": 1,
                    "duration": 15,
                    "expressionId": null,
                    "custom": {
                        "object": {
                            "x": 0,
                            "y": 0,
                            "size": {
                                "width": 300,
                                "height": 100
                            }
                        }
                    },
                    "message": {
                        "lcId": "DC6735013D7C83448E294D778327CDCAB1DD",
                        "defaultText": "You clicked Test 1."
                    },
                    "position": 0,
                    "characterId": 0,
                    "partial": 0,
                    "fieldFlags": {
                        "duration": 1
                    },
                    "expressions": [],
                    "animations": []
                },
                "indent": 0,
                "uid": "AAA37D4798B3B04D145AC407CF09C254FD8E",
                "expanded": true
            },
            {
                "id": "gs.Idle",
                "params": {},
                "indent": 0,
                "uid": "CFE5F0DB87C6164BB8780179F15EE0C33A7C"
            },
            {
                "id": "gs.Label",
                "params": {
                    "name": "2"
                },
                "indent": 0,
                "uid": "0A1AFABF31F12842DC69E735C46B8F66045A"
            },
            {
                "id": "gs.ShowMessage",
                "params": {
                    "waitForCompletion": 1,
                    "duration": 15,
                    "expressionId": null,
                    "custom": {
                        "object": {
                            "x": 0,
                            "y": 0,
                            "size": {
                                "width": 300,
                                "height": 100
                            }
                        }
                    },
                    "message": {
                        "lcId": "172DAEDC9F7C6644837A1830AD18D25CC009",
                        "defaultText": "You clicked Test 2."
                    },
                    "position": 0,
                    "characterId": 0,
                    "partial": 0,
                    "fieldFlags": {
                        "duration": 1
                    },
                    "expressions": [],
                    "animations": []
                },
                "indent": 0,
                "uid": "3CCE30303F1780497F8A67A2A7187EA08AD3",
                "expanded": true
            },
            {
                "id": "gs.Idle",
                "params": {},
                "indent": 0,
                "uid": "36BD4FFA33722648853BA964840A2435641D"
            }
        ],
        "livePreviewDisabled": false,
        "order": 1,
        "booleanVariables": [
            {
                "name": "",
                "index": 0,
                "scope": 0
            }
        ]
    }
}