{
    "uid": "8839E8F4607C454FF27A02E8D86E3A07E2C6",
    "lastModificationTime": null,
    "items": {
        "name": "Persistent Variables",
        "type": "persistent_variables",
        "numbers": [
            {
                "name": "My Per",
                "scope": 2,
                "index": 0
            }
        ],
        "strings": [
            {
                "name": "",
                "scope": 2,
                "index": 0
            }
        ],
        "booleans": [
            {
                "name": "",
                "scope": 2,
                "index": 0
            }
        ],
        "lists": [
            {
                "name": "",
                "index": 0,
                "scope": 0
            }
        ],
        "domain": "com.archeia.engineLEDA"
    }
}