{
    "uid": "FC93870172C090453D1AB4268F7F2C2F2DA4",
    "lastModificationTime": 0,
    "items": {
        "name": "Choice Box Showcase (Direct)",
        "type": "vn.scene",
        "parentId": "8270F8987ABA7143A0798DA1971ABC8657DA",
        "chapterUid": "8270F8987ABA7143A0798DA1971ABC8657DA",
        "order": 0,
        "livePreviewDisabled": false,
        "booleanVariables": [
            {
                "name": "",
                "index": 0,
                "scope": 0
            }
        ],
        "localizableStrings": {
            "3EAB5B3F0F46A145074A3CB6B6173A6BBBA8": {
                "t": "Test 1"
            },
            "EF8F243907AAF440A1582231C1EBFDC0FBC4": {
                "t": "Test 2"
            },
            "78C417776746D24B7F5A19D584177F505056": {
                "t": "You clicked Test 1.",
                "d": {
                    "cid": 0,
                    "eid": "527303A87B66764EE0385823FAF784F4F4D5"
                }
            },
            "7F504CCD62AC544FC68961B6FAFF1B3CAC31": {
                "t": "You clicked Test 2.",
                "d": {
                    "cid": 0,
                    "eid": "B04B654B792312449F4BB2426276DE650EC0"
                }
            }
        },
        "commands": [
            {
                "id": "vn.Choice",
                "params": {
                    "action": {
                        "type": 0,
                        "bindValue": 0,
                        "bindValueVariable": {
                            "scope": 0,
                            "index": 0
                        },
                        "commonEventId": 0,
                        "label": "1",
                        "switch": {
                            "scope": 1,
                            "index": 0
                        },
                        "scene": null
                    },
                    "text": {
                        "lcId": "3EAB5B3F0F46A145074A3CB6B6173A6BBBA8",
                        "defaultText": "Test 1"
                    },
                    "label": "",
                    "enabled": 1,
                    "positionType": 1,
                    "box": {
                        "x": 79,
                        "y": 213,
                        "angle": 0,
                        "zoom": 1,
                        "data": {},
                        "color": {
                            "red": 0,
                            "green": 0,
                            "blue": 0,
                            "alpha": 160
                        },
                        "size": {
                            "width": 300,
                            "height": 50
                        }
                    },
                    "defaultChoice": 0,
                    "previewBackground": {
                        "name": "$live_preview_snapshot"
                    }
                },
                "indent": 0,
                "uid": "FAAC9EEF980A014008797190815B5A4BEAEB"
            },
            {
                "id": "vn.Choice",
                "params": {
                    "action": {
                        "type": 0,
                        "bindValue": 0,
                        "bindValueVariable": {
                            "scope": 0,
                            "index": 0
                        },
                        "commonEventId": 0,
                        "label": "2",
                        "switch": {
                            "scope": 1,
                            "index": 0
                        },
                        "scene": null
                    },
                    "text": {
                        "lcId": "EF8F243907AAF440A1582231C1EBFDC0FBC4",
                        "defaultText": "Test 2"
                    },
                    "label": "",
                    "enabled": 1,
                    "positionType": 1,
                    "box": {
                        "x": 218,
                        "y": 357,
                        "angle": 0,
                        "zoom": 1,
                        "horizontalFlip": false,
                        "data": {
                            "x": 538,
                            "y": 343,
                            "width": 300,
                            "height": 50,
                            "horizontalFlip": false,
                            "zoom": 1,
                            "angle": 0
                        },
                        "color": {
                            "red": 0,
                            "green": 0,
                            "blue": 0,
                            "alpha": 160
                        },
                        "size": {
                            "width": 300,
                            "height": 50
                        }
                    },
                    "defaultChoice": 0,
                    "previewBackground": {
                        "name": "$live_preview_snapshot"
                    }
                },
                "indent": 0,
                "uid": "79FDE8DF7F8101493A385335C1384CDD3AA6"
            },
            {
                "id": "vn.ShowChoices",
                "params": {},
                "indent": 0,
                "uid": "7E80DB6D24987540031B4A88911937B1122C"
            },
            {
                "id": "gs.Label",
                "params": {
                    "name": "1"
                },
                "indent": 0,
                "uid": "C702923C2046B740E67BDDA0C68B67D92D0D"
            },
            {
                "id": "gs.ShowMessage",
                "params": {
                    "waitForCompletion": 1,
                    "duration": 15,
                    "expressionId": null,
                    "custom": {
                        "object": {
                            "x": 0,
                            "y": 0,
                            "size": {
                                "width": 300,
                                "height": 100
                            }
                        }
                    },
                    "message": {
                        "lcId": "78C417776746D24B7F5A19D584177F505056",
                        "defaultText": "You clicked Test 1."
                    },
                    "position": 0,
                    "characterId": 0,
                    "partial": 0,
                    "fieldFlags": {
                        "duration": 1
                    },
                    "expressions": [],
                    "animations": []
                },
                "indent": 0,
                "uid": "527303A87B66764EE0385823FAF784F4F4D5",
                "expanded": true
            },
            {
                "id": "gs.Idle",
                "params": {},
                "indent": 0,
                "uid": "A8D67AEA54B6454F113A074176913F5EABA0"
            },
            {
                "id": "gs.Label",
                "params": {
                    "name": "2"
                },
                "indent": 0,
                "uid": "D1BFDD6177B1154068485E851002C397A8B2"
            },
            {
                "id": "gs.ShowMessage",
                "params": {
                    "waitForCompletion": 1,
                    "duration": 15,
                    "expressionId": null,
                    "custom": {
                        "object": {
                            "x": 0,
                            "y": 0,
                            "size": {
                                "width": 300,
                                "height": 100
                            }
                        }
                    },
                    "message": {
                        "lcId": "7F504CCD62AC544FC68961B6FAFF1B3CAC31",
                        "defaultText": "You clicked Test 2."
                    },
                    "position": 0,
                    "characterId": 0,
                    "partial": 0,
                    "fieldFlags": {
                        "duration": 1
                    },
                    "expressions": [],
                    "animations": []
                },
                "indent": 0,
                "uid": "B04B654B792312449F4BB2426276DE650EC0",
                "expanded": true
            },
            {
                "id": "gs.Idle",
                "params": {},
                "indent": 0,
                "uid": "42E4CC7591C88747D088DE8852CDEBC99404"
            }
        ],
        "stringVariables": [
            {
                "name": "",
                "index": 0,
                "scope": 0
            }
        ]
    }
}