[
    [
        {
            "name": "UI",
            "uid": "B3B4F9F1K8EDBA4829SAC53E22E4E658045E",
            "type": "folder"
        },
        {
            "name": "Archeia Engine LEDA",
            "uid": "8B0F71D141F50540740BB352FA3918F2823C",
            "parent": "B3B4F9F1K8EDBA4829SAC53E22E4E658045E",
            "type": "folder"
        },
        {
            "name": "Choice_Idle.png",
            "mainFolder": "Graphics/Pictures",
            "type": "graphic",
            "parent": "8B0F71D141F50540740BB352FA3918F2823C"
        }
    ],
    [
        {
            "name": "UI",
            "uid": "B3B4F9F1K8EDBA4829SAC53E22E4E658045E",
            "type": "folder"
        },
        {
            "name": "Archeia Engine LEDA",
            "uid": "8B0F71D141F50540740BB352FA3918F2823C",
            "parent": "B3B4F9F1K8EDBA4829SAC53E22E4E658045E",
            "type": "folder"
        },
        {
            "name": "Choice_Locked.png",
            "mainFolder": "Graphics/Pictures",
            "type": "graphic",
            "parent": "8B0F71D141F50540740BB352FA3918F2823C"
        }
    ],
    [
        {
            "name": "UI",
            "uid": "B3B4F9F1K8EDBA4829SAC53E22E4E658045E",
            "type": "folder"
        },
        {
            "name": "Archeia Engine LEDA",
            "uid": "8B0F71D141F50540740BB352FA3918F2823C",
            "parent": "B3B4F9F1K8EDBA4829SAC53E22E4E658045E",
            "type": "folder"
        },
        {
            "name": "Choice_Active.png",
            "mainFolder": "Graphics/Pictures",
            "type": "graphic",
            "parent": "8B0F71D141F50540740BB352FA3918F2823C"
        }
    ]
]