{
    "id": "com.archeia.engineLEDA",
    "organization": "Division Heaven",
    "name": "Archeia Engine Leda: Message Boxes",
    "version": "2.0.0.0",
    "author": "Archeia",
    "website": "http://archeia.moe",
    "description": "A very simple script that does the following:\n- Use images for show choices command.\n- A JSON file where you can modify the font properties of Show Choices Command.\n- Please support my Patreon so I can have more time to create new stuff! (https://www.patreon.com/archeia)\n\nChangelog:\n----------------------------------------------------------------------------------------------------------\n** Updated VNM to Version 1.0.1077\n** April 19, 2018 (GMT+8:00)\n- Remade the Entire Script\n- Added Support for Free Choice Box\n- Added Sample Scenes\n\n** Updated VNM to Version 1.0.1044\n** December 15, 2017 (GMT+8:00)\nChanged Line 58 from:\n\"$ -> if $gameMessageNVL.visible then o.dstRect.y = $gameMessageNVL_message.textRenderer.currentY + 20\"\nto \n\"$ -> if $nvlGameMessage.visible then o.dstRect.y = $nvlGameMessage_message.textRenderer.currentY + 20\"\n\n** Version 1.0.0.0\n** December 11, 2017 (GMT+8:00)\n- Initial Release",
    "license": "Copyright (c) Archeia\n\nPermission is hereby granted, free of charge, to any person obtaining a copy\nof this software and associated documentation files (the \"Software\"), to deal\nin the Software without restriction, including without limitation the rights\nto use, copy, modify, merge, publish, distribute, sublicense, and/or sell\ncopies of the Software, and to permit persons to whom the Software is\nfurnished to do so, subject to the following conditions:\n\nThe above copyright notice and this permission notice shall be included in all\ncopies or substantial portions of the Software.\n\nTHE SOFTWARE IS PROVIDED \"AS IS\", WITHOUT WARRANTY OF ANY KIND, EXPRESS OR\nIMPLIED, INCLUDING BUT NOT LIMITED TO THE WARRANTIES OF MERCHANTABILITY,\nFITNESS FOR A PARTICULAR PURPOSE AND NONINFRINGEMENT. IN NO EVENT SHALL THE\nAUTHORS OR COPYRIGHT HOLDERS BE LIABLE FOR ANY CLAIM, DAMAGES OR OTHER\nLIABILITY, WHETHER IN AN ACTION OF CONTRACT, TORT OR OTHERWISE, ARISING FROM,\nOUT OF OR IN CONNECTION WITH THE SOFTWARE OR THE USE OR OTHER DEALINGS IN THE\nSOFTWARE."
}